title,product_url,release_date,product_id,thumb_url,retail_price,average_sale_price,average_sale_price_rank,price_premium,price_premium_rank,number_of_sales,total_sale_volume,annual_high,annual_low,trade_range_low,trade_range_high,number_of_Asks,number_of_Bids,volatility,description
adidas Yeezy QNTM Teal Blue,https://stockx.com/adidas-yzy-qntm-ophani,Release: 10/10/2020,adidas-yzy-qntm-ophani,"https://stockx.imgix.net/adidas-YZY-QNTM-Ophani.jpg?fit=fill&bg=FFFFFF&w=140&h=100&auto=format,compress&q=90&dpr=2&trim=color&updated_at=1601656810",250,294,82,0.088,31,192,56450,399,200,254,290,896,163,0.066709,Yeezy added a new colorway to their QNTM line with the Yeezy QNTM Teal Blue now on StockX The QNTM is the first of its kind to stray away from primarily grey uppers by adding hits of teal to provide the  aquatic vibes brbrThe Yeezy QNTM Teal Blue features a marbled olive Primeknit upper with teal blue and dark grey accents woven in Unlike the performance model this lifestyle design does not feature additional TPU caging on the upper for a more relaxed fit A black reflective heel dark grey toe guard and translucent white sole midsole complete the designbrbrThe Yeezy QNTM Teal Blue released in October of 2020 and retailed for 250
adidas Yeezy Boost 350 V2 Carbon,https://stockx.com/adidas-yeezy-boost-350-v2-asriel,Release: 10/02/2020,adidas-yeezy-boost-350-v2-asriel,"https://stockx.imgix.net/adidas-Yeezy-Boost-350-V2-Carbon-Product.jpg?fit=fill&bg=FFFFFF&w=140&h=100&auto=format,compress&q=90&dpr=2&trim=color&updated_at=1602176137",220,293,4,0.25,37,13794,4037085,451,246,266,284,6819,1497,0.031403,Kanye West and adidas keep the ball rolling with the Yeezy 350 V2 Carbon This release marks the 12th colorway of the favorite 350 V2 model in 2020 and this colorways darkhued upper makes it the perfect piece of footwear for fallbrbrThe Yeezy 350 V2 Carbon holds all of the familiar elements that make the silhouette so popular breathable Primeknit solid black mesh with its signature side stripe ribbed patterned offwhite midsole and classic BOOST cushioning make the 350 V2 Carbon easy to love and easy to wearbrbrThe Yeezy 350 V2 Carbon released in October of 2020
adidas Yeezy Boost 380 Pepper,https://stockx.com/adidas-yeezy-boost-380-pepper,Release: 09/19/2020,adidas-yeezy-boost-380-pepper,"https://stockx.imgix.net/adidas-Yeezy-Boost-380-Pepper-1.png?fit=fill&bg=FFFFFF&w=140&h=100&auto=format,compress&q=90&dpr=2&trim=color&updated_at=1599234078",230,225,56,-0.162,10,2136,480938,410,150,172,213,2326,270,0.105996,Yeezy expanded their 380 line with the Yeezy Boost 380 Pepper now available on StockX The colorway is reminiscent of the Yeezy 380 Mist only this time it trades darker hues for a light earthtoned lookbrbrThe Yeezy 380 Pepper features a light grey and blue Primeknit upper with a light brown side spot As usual a dark translucent BOOST sole provides the ultimate cushioning experience that keeps Yeezy fans coming back for morebrbrThe Yeezy Boost 380 Pepper released in September of 2020 and retailed for 230
adidas Yeezy 700 V3 Arzareth,https://stockx.com/adidas-yeezy-700-v3-arzareth,Release: 08/29/2020,adidas-yeezy-700-v3-arzareth,"https://stockx.imgix.net/adidas-Yeezy-700-V3-Arzareth-Product.jpg?fit=fill&bg=FFFFFF&w=140&h=100&auto=format,compress&q=90&dpr=2&trim=color&updated_at=1599674275",200,382,63,0.945,35,10944,4176881,1200,287,366,412,1609,750,0.059694,Please Note Extra laces required The Yeezy 700 V3 Arzareth welcomed a new wave of color for the evergrowing Yeezy line Previous releases of the 700 V3 have stayed in neutral territory making the Arzareth a stand out with its striking colorwaybrbrThe Yeezy 700 V3 Arzareth features a blue and grey Primeknit upper that is complemented by a  traditional translucent glowinthedark cage overlay From there an EVA foam midsole grey toe cap and black lining complete the designbrbrThe Yeezy 700 V3 Arzareth released in August of 2020 and retailed for 200
adidas Yeezy Boost 350 V2 Israfil,https://stockx.com/adidas-yeezy-boost-350-v2-israfil,Release: 08/22/2020,adidas-yeezy-boost-350-v2-israfil,"https://stockx.imgix.net/adidas-Yeezy-Boost-350-V2-Israfil-Product.jpg?fit=fill&bg=FFFFFF&w=140&h=100&auto=format,compress&q=90&dpr=2&trim=color&updated_at=1599067998",220,282,30,0.059,83,14587,4115859,1000,180,207,259,4404,590,0.112635,bPlease note Extra laces requiredb Yeezy added to their already extensive catalog with the Yeezy Boost 350 V2 Israfil now available on StockX brbrThe Yeezy 350 v2 Israfil features the same elements that fans of the sneaker love The upper features multicolored threads that add a variety of looks to the wearers feet from different angles From there the upper is matched with a translucent midsole that showcases the sneakers BOOST cushioned techbrbrThe Yeezy 350 v2 Israfil released in August for 220
adidas Yeezy Boost 380 Blue Oat,https://stockx.com/adidas-yeezy-boost-380-blue-oat,Release: 07/25/2020,adidas-yeezy-boost-380-blue-oat,"https://stockx.imgix.net/adidas-Yeezy-Boost-380-Blue-Oat.jpg?fit=fill&bg=FFFFFF&w=140&h=100&auto=format,compress&q=90&dpr=2&trim=color&updated_at=1595264320",230,259,57,-0.065,25,2225,577383,516,114,201,229,802,139,0.065181,Yeezy added a new colorway to their Boost 380 product line with the adidas Yeezy Boost 380 Bloarf now available on StockX This model was originally known to be the Yeezy Boost 350 V3 but upon release it was given its own silhouette namebrbrThis 380 Bloarf features a Bloarf Primeknit pattern on its upper with a fitted ankle collar An upgraded translucent Boost midsole and engineered gum outsole grip completes the design These sneakers released in Spring of 2020 and retailed for 230
adidas Yeezy Boost 350 V2 Zyon,https://stockx.com/adidas-yeezy-boost-350-v2-zyon,Release: 07/18/2020,adidas-yeezy-boost-350-v2-zyon,"https://stockx.imgix.net/adidas-Yeezy-Boost-350-V2-Zyon-Product.jpg?fit=fill&bg=FFFFFF&w=140&h=100&auto=format,compress&q=90&dpr=2&trim=color&updated_at=1596134320",220,301,52,0.455,19,26622,8012478,800,216,298,342,4459,584,0.068574,Yeezy adds another colorway of its most wellknown design with the adidas Yeezy 350 Zyon now available on StockX This 350 V2 dons a similar pattern as the Static colorway only this time ditching a white side stripe and grey accents for a darker brown stripe and mocha huesbrbrThis Yeezy 350 V2 is composed of a Zyon Primeknit upper with a dark tonal side stripe A translucent Boost cushioned sole and cream interior completes the design These sneakers released in March of 2020 and retailed for 220
adidas Yeezy Boost 700 MNVN Bone,https://stockx.com/adidas-yeezy-boost-700-mnvn-bone,Release: 07/11/2020,adidas-yeezy-boost-700-mnvn-bone,"https://stockx.imgix.net/adidas-Yeezy-Boost-700-MNVN-Bone-Product.jpg?fit=fill&bg=FFFFFF&w=140&h=100&auto=format,compress&q=90&dpr=2&trim=color&updated_at=1596134320",220,390,37,0.773,3,2227,867965,1000,280,361,419,212,180,0.074578,Yeezy added a new colorway to their 700 MNVN series with the adidas Yeezy Boost 700 MNVN Bone now available on StockX Although the silhouette dons a familiar Boost 700 sole this shoe differs by displaying 700 branding on the upper using compact materials This Yeezy Boost 700 MNVN is comprised of a Bone nylon upper paired with reflective detailing A solid black sole with Boost cushioning completes the design These sneakers released in April of 2020 and retailed for 220
adidas Yeezy QNTM Barium,https://stockx.com/adidas-yzy-qntm-barium,Release: 06/25/2020,adidas-yzy-qntm-barium,"https://stockx.imgix.net/adidas-YZY-QNTM-Barium-Product.jpg?fit=fill&bg=FFFFFF&w=140&h=100&auto=format,compress&q=90&dpr=2&trim=color&updated_at=1594237009",250,323,56,-0.176,9,5047,1628598,775,150,173,239,1457,257,0.158183,Yeezy added a new colorway to their growing QNTM line with the adidas Yeezy QNTM Barium now available on StockX The QNTM Barium is composed of a dark grey Primeknit upper with suede overlays and reflective detailing A translucent sole extended ankle collar and reinforced heel cap complete the design These YZY QNTMs released in June of 2020 and retailed for 250 USD
adidas Yeezy Boost 350 V2 Sulfur,https://stockx.com/adidas-yeezy-boost-350-v2-sulfur,Release: 05/09/2020,adidas-yeezy-boost-350-v2-sulfur,"https://stockx.imgix.net/adidas-Yeezy-Boost-350-V2-Sulfur.jpg?fit=fill&bg=FFFFFF&w=140&h=100&auto=format,compress&q=90&dpr=2&trim=color&updated_at=1588689506",220,298,42,0.359,49,4778,1423975,553,190,265,333,378,187,0.11354,Yeezy adds another colorway of its most popular design with the adidas Yeezy 350 V2 Sulfur now available on StockX This 350 V2 stays true to Yeezys signature palette sporting light earth tones that provide a natural feeling brbrThis Yeezy 350 V2 is composed of a Sulfur Primeknit upper with a tonal mesh side stripe A Sulfur Boost cushioned midsole sole and light brown outsole completes the design These sneakers released in May of 2020 and retailed for 220 USD
adidas Yeezy Boost 700 MNVN Phosphor,https://stockx.com/adidas-yeezy-boost-700-mnvn-phosphor,Release: 04/24/2020,adidas-yeezy-boost-700-mnvn-phosphor,"https://stockx.imgix.net/adidas-Yeezy-Boost-700-MNVN-Phosphor.png?fit=fill&bg=FFFFFF&w=140&h=100&auto=format,compress&q=90&dpr=2&trim=color&updated_at=1587482765",220,346,80,0.455,90,3030,1048386,792,252,265,375,201,127,0.173308,
adidas Yeezy Boost 350 V2 Linen,https://stockx.com/adidas-yeezy-boost-350-v2-linen,Release: 04/18/2020,adidas-yeezy-boost-350-v2-linen,"https://stockx.imgix.net/adidas-Yeezy-Boost-350-V2-Linen-Product.jpg?fit=fill&bg=FFFFFF&w=140&h=100&auto=format,compress&q=90&dpr=2&trim=color&updated_at=1597153659",220,314,66,0.468,1,13825,4342034,650,240,278,368,678,279,0.138347,Yeezy adds another colorway of its most popular design with the adidas Yeezy 350 V2 Linen now available on StockX This 350 V2 stays true to Yeezys signature palette sporting earth tones that provide a natural feelingbrbrThis Yeezy 350 V2 is composed of a Linen Primeknit upper with a tonal side stripe A Linen Boost cushioned midsole sole and gum outsole completes the design These sneakers released in Spring of 2020 and retailed for 220
adidas Yeezy 700 V3 Alvah,https://stockx.com/adidas-yeezy-700-v3-alvah,Release: 04/11/2020,adidas-yeezy-700-v3-alvah,"https://stockx.imgix.net/adidas-Yeezy-Boost-700-V3-Alvah-Product.jpg?fit=fill&bg=FFFFFF&w=140&h=100&auto=format,compress&q=90&dpr=2&trim=color&updated_at=1599576399",200,379,22,1.175,89,13480,5103149,1250,266,408,462,733,367,0.061975,Yeezy adds to their growing line of 700s with the Yeezy Boost 700 V3 Alvah now available on StockX The third incarnation of the Yeezy Boost 700 is one of the most sophisticated designs weve seen from the ongoing collaborations playing with shape line texture and even expectations The outer shell is reminiscent of of race car and an astronauts suit with a sole unit that feels progressive and substantialbrbrThis 700 V3 is composed of a black and grey upper composed of monofilament engineered mesh with RPU overlays for structure and durability The RPU cage has glowinthedark features along with 3M reflective detailing on the toe The EVA midsole and herringbone rubber outsole completes the design These sneakers released in February of 2020 and retailed for 200
adidas Yeezy Boost 380 Mist,https://stockx.com/adidas-yeezy-boost-380-mist,Release: 03/25/2020,adidas-yeezy-boost-380-mist,"https://stockx.imgix.net/adidas-Yeezy-Boost-380-Mist-Product.jpg?fit=fill&bg=FFFFFF&w=140&h=100&auto=format,compress&q=90&dpr=2&trim=color&updated_at=1596134320",230,231,35,0.009,25,13665,3158559,593,177,210,254,1442,182,0.093212,Yeezy added a new colorway to their Boost 380 product line with the adidas Yeezy Boost 380 Mist now available on StockX This model was originally known to be the Yeezy Boost 350 V3 but upon release it was given its own silhouette name The mist colorway released in both reflective and nonreflective variationsbrbrThis 380 Mist features a Mist Primeknit pattern on its upper and lacks the traditional lateral side stripe An upgraded translucent Boost midsole and engineered gum outsole grip complete the design These sneakers released in March of 2020 and retailed for 230
adidas Yeezy Boost 350 V2 Cinder,https://stockx.com/adidas-yeezy-boost-350-v2-cinder,Release: 03/21/2020,adidas-yeezy-boost-350-v2-cinder,"https://stockx.imgix.net/adidas-Yeezy-Boost-350-V2-Cinder-Product.jpg?fit=fill&bg=FFFFFF&w=140&h=100&auto=format,compress&q=90&dpr=2&trim=color&updated_at=1594236988",220,317,92,0.723,17,40797,12937563,655,100,355,403,1335,559,0.063307,Yeezy adds another colorway of its most popular design with the adidas Yeezy 350 Cinder now available on StockX This 350 V2 stays true to Yeezys signature palette sporting dark earth tones that provide a natural feelingbrbrThis Yeezy 350 V2 is composed of a cinder Primeknit upper with a tonal side stripe A cinder Boost cushioned midsole sole and gold outsole completes the design These sneakers released in March of 2020 and retailed for 220
adidas Yeezy Boost 350 V2 Desert Sage,https://stockx.com/adidas-yeezy-boost-350-v2-desert-sage,Release: 03/14/2020,adidas-yeezy-boost-350-v2-desert-sage,"https://stockx.imgix.net/adidas-Yeezy-Boost-350-V2-Desert-Sage-Product.jpg?fit=fill&bg=FFFFFF&w=140&h=100&auto=format,compress&q=90&dpr=2&trim=color&updated_at=1583162937",220,280,37,0.532,14,29916,8390654,521,120,316,358,1530,323,0.062604,Yeezy adds another colorway of its most wellknown design with the adidas Yeezy 350 Desert Sage now available on StockX This 350 V2 dons similar hues as the Beluga colorways only this time ditching a bright orange side stripe and adding a highlighted interiorbrbrThis Yeezy 350 V2 is composed of a desert sage Primeknit upper with a tonal side stripe A translucent Boost cushioned sole and orange interior completes the design These sneakers released in March of 2020 and retailed for 220
adidas Yeezy Boost 700 MNVN Orange,https://stockx.com/adidas-yeezy-boost-700-mnvn-orange,Release: 02/28/2020,adidas-yeezy-boost-700-mnvn-orange,"https://stockx.imgix.net/adidas-Yeezy-Boost-700-MNVN-Orange-Product.jpg?fit=fill&bg=FFFFFF&w=140&h=100&auto=format,compress&q=90&dpr=2&trim=color&updated_at=1580325806",220,412,95,0.614,83,3024,1244873,1001,300,253,457,134,137,0.288248,Yeezy introduced a new colorway to their 700 MNVN series with the adidas Yeezy Boost 700 MNVN Orange now available on StockX Although the silhouette is similar to previous models this shoe differs by displaying 700 branding on the upper using compact materialsbrbrThis Yeezy Boost 700 MNVN is comprised of an orange nylon upper paired with reflective detailing A solid black sole with Boost cushioning completes the design These sneakers released in February of 2020 and retailed for 220
adidas Yeezy Boost 350 V2 Earth,https://stockx.com/adidas-yeezy-boost-350-v2-earth,Release: 02/22/2020,adidas-yeezy-boost-350-v2-earth,"https://stockx.imgix.net/adidas-Yeezy-Boost-350-V2-Earth-Product.jpg?fit=fill&bg=FFFFFF&w=140&h=100&auto=format,compress&q=90&dpr=2&trim=color&updated_at=1581716639",220,301,95,0.723,10,26525,7995071,656,200,345,413,801,439,0.090837,Yeezy delivers a new rendition of its most popular design with the adidas Yeezy 350 Earth now available on StockX This 350 V2 strays from newer releases by bringing back a heel tab that is present in early 350 silhouettes This model was released as a regional exclusive specific to the AmericasbrbrThis Yeezy 350 V2 Earth is composed of a mud Primeknit upper with a translucent outer side stripe A mud colored Boost cushioned sole and mud interior completes the design These sneakers released in February of 2020 and retailed for 220
adidas Yeezy Boost 350 V2 Tail Light,https://stockx.com/adidas-yeezy-boost-350-v2-tail-light,Release: 02/22/2020,adidas-yeezy-boost-350-v2-tail-light,"https://stockx.imgix.net/adidas-Yeezy-Boost-350-V2-Tail-Light-Product.jpg?fit=fill&bg=FFFFFF&w=140&h=100&auto=format,compress&q=90&dpr=2&trim=color&updated_at=1584757351",220,348,58,0.959,15,22441,7799892,550,246,389,473,656,414,0.097806,Yeezy continues its barrage of 350 V2 releases with the adidas Yeezy 350 Tail Light now available on StockX This 350 V2 strays from newer releases by bringing back the heel tab that was present in early 350 silhouettes This model was released as a regional exclusive specific to Europe and RussiabrbrThis Yeezy 350 V2 Tail Light is composed of a grey Primeknit upper with a translucent outer side stripe that reveals hints of orange toward the heel of the upper A translucent Boost cushioned sole and grey interior completes the design These sneakers released in February of 2020 and retailed for 220
adidas Yeezy Boost 350 V2 Flax,https://stockx.com/adidas-yeezy-boost-350-v2-flax,Release: 02/22/2020,adidas-yeezy-boost-350-v2-flax,"https://stockx.imgix.net/adidas-Yeezy-Boost-350-V2-Flax.png?fit=fill&bg=FFFFFF&w=140&h=100&auto=format,compress&q=90&dpr=2&trim=color&updated_at=1583166592",220,357,95,1.045,29,910,324917,550,246,392,508,116,135,0.129392,Yeezy provided a new colorway of its most popular design with the adidas Yeezy 350 Flax now available on StockX This release shows slight resemblance to the 350 V2 Marsh in colorway displaying warm tones to embody the arrival of spring This model was released as a regional exclusive specific to the Asia Pacific and AfricabrbrThis Yeezy 350 V2 Flax is composed of a light brown Primeknit upper with a translucent outer side stripe A translucent Boost cushioned sole and light brown interior completes the design These sneakers released in February of 2020 and retailed for 220
adidas Yeezy QNTM (Lifestyle Model),https://stockx.com/adidas-yzy-qntm,Release: 02/16/2020,adidas-yzy-qntm,"https://stockx.imgix.net/adidas-Yzy-QNTM-Product.jpg?fit=fill&bg=FFFFFF&w=140&h=100&auto=format,compress&q=90&dpr=2&trim=color&updated_at=1581994436",250,461,16,0.06,39,5077,2339485,1464,100,234,296,1181,418,0.11579,
adidas Yeezy Boost 700 MNVN Triple Black,https://stockx.com/adidas-yeezy-boost-700-mnvn-triple-black,Release: 02/08/2020,adidas-yeezy-boost-700-mnvn-triple-black,"https://stockx.imgix.net/adidas-Yeezy-Boost-700-MNVN-Triple-Black-Product.jpg?fit=fill&bg=FFFFFF&w=140&h=100&auto=format,compress&q=90&dpr=2&trim=color&updated_at=1583360568",220,328,44,0.427,34,7771,2551140,595,250,294,334,525,205,0.062898,Yeezy introduced a new variation of their 700 series with the adidas Yeezy Boost 700 MNVN Triple Black now available on StockX Although the silhouette is similar to previous models this shoe differs by displaying 700 branding on the upper using compact materialsbrbrThis Yeezy Boost 700 MNVN is comprised of a triple black nylon upper paired with reflective detailing A solid black sole with Boost cushioning completes the design These sneakers released in February of 2020 and retailed for 220
adidas Yeezy Boost 350 V2 Marsh,https://stockx.com/adidas-yeezy-boost-350-v2-marsh,Release: 02/01/2020,adidas-yeezy-boost-350-v2-marsh,"https://stockx.imgix.net/adidas-Yeezy-Boost-350-V2-Marsh-Product.jpg?fit=fill&bg=FFFFFF&w=140&h=100&auto=format,compress&q=90&dpr=2&trim=color&updated_at=1581446989",220,262,95,0.159,66,7405,1939739,555,165,235,275,552,182,0.080322,Yeezy adds another colorway of its most wellknown design with the adidas Yeezy 350 Marsh now available on StockX This 350 V2 picks up where the Antlia colorway left off sporting yellow tones that have been prevalent in Yeezys palette This model was released as a Yeezy Supply exclusive brbrThis Yeezy 350 V2 Marsh is composed of a bright yellow Primeknit upper with a reflective outer side stripe A translucent Boost cushioned sole and gold interior completes the design These sneakers released in February of 2020 and retailed for 220
adidas Yeezy Boost 350 V2 Yeshaya (Non-Reflective),https://stockx.com/adidas-yeezy-boost-350-v2-yeshaya,Release: 01/25/2020,adidas-yeezy-boost-350-v2-yeshaya,"https://stockx.imgix.net/adidas-Yeezy-Boost-350-V2-Yeshaya-Product.jpg?fit=fill&bg=FFFFFF&w=140&h=100&auto=format,compress&q=90&dpr=2&trim=color&updated_at=1580313676",220,293,32,0.5,65,12766,3745367,730,210,257,403,389,203,0.222002,
adidas Yeezy 700 V3 Azael,https://stockx.com/adidas-yeezy-boost-700-v3-azael,Release: 12/23/2019,adidas-yeezy-boost-700-v3-azael,"https://stockx.imgix.net/adidas-Yeezy-700-V3-Azael-Product.jpg?fit=fill&bg=FFFFFF&w=140&h=100&auto=format,compress&q=90&dpr=2&trim=color&updated_at=1577487190",200,557,29,3.5,25,8291,4620332,1400,205,730,1070,276,241,0.188376,Yeezy introduces a new variation of the Boost 700 with the Yeezy Boost 700 V3 Azael now available on StockX The third incarnation of the Yeezy Boost 700 is one of the most sophisticated designs weve seen from the ongoing collaborations playing with shape line texture and even expectations The outer shell is reminiscent of a race car and an astronauts suit with a sole unit that feels progressive and substantial brbrThis 700 V3 is composed of an azael upper composed of monofilament engineered mesh with RPU overlays for structure and durability The RPU cage has glowinthedark features along with 3M reflective detailing on the toe The EVA midsole and herringbone rubber outsole completes the design These sneakers released in December of 2019 and retailed for 200
adidas Yeezy Boost 350 V2 Yecheil (Non-Reflective),https://stockx.com/adidas-yeezy-boost-350-v2-yecheil,Release: 12/20/2019,adidas-yeezy-boost-350-v2-yecheil,"https://stockx.imgix.net/adidas-Yeezy-Boost-350-V2-Yecheil-Product.jpg?fit=fill&bg=FFFFFF&w=140&h=100&auto=format,compress&q=90&dpr=2&trim=color&updated_at=1574449122",220,304,95,0.655,74,52205,15881397,1156,100,328,400,1093,349,0.09893,Yeezy adds a flare to one of its most wellknown designs with the adidas Yeezy 350 Yecheil NonReflective now available on StockX This 350 V2 strays away from the usual earth tones with a colorful palette making it stand out from previous releases This model was released in both reflective and nonreflective variationsbrbrThis Yeezy 350 V2 is composed of a black upper with white red yellow and blue accents A black Boost cushioned sole and black side stripe completes the design These sneakers released in December of 2019 and retailed for 220
adidas Yeezy Boost 700 Carbon Blue,https://stockx.com/adidas-yeezy-boost-700-carbon-blue,Release: 12/18/2019,adidas-yeezy-boost-700-carbon-blue,"https://stockx.imgix.net/adidas-Yeezy-Boost-700-Carbon-Blue.png?fit=fill&bg=FFFFFF&w=140&h=100&auto=format,compress&q=90&dpr=2&trim=color&updated_at=1574144708",300,386,2,0.585,35,3452,1330956,695,200,426,525,159,162,0.103991,Yeezy adds to its ever growing 700 line with the adidas Yeezy Boost 700 Carbon Blue now available on StockX Trailing the releases of the Magnet and Teal Blue colorways this shoe stays true to the Yeezy aesthetic with a new tonal variation that stays in the same ballpark of other 700 releasesbrbrThis 700 is composed of a mix of grey and carbon blue tones that are assorted amongst a mix of suede and mesh A grey rubber midsole and gum outsole completes the design These sneakers released in December of 2019 for 300
adidas Yeezy Boost 350 V2 Yeezreel (Non-Reflective),https://stockx.com/adidas-yeezy-boost-350-v2-yeezreel,Release: 12/14/2019,adidas-yeezy-boost-350-v2-yeezreel,"https://stockx.imgix.net/adidas-Yeezy-Boost-350-V2-Yeezreel-Product.jpg?fit=fill&bg=FFFFFF&w=140&h=100&auto=format,compress&q=90&dpr=2&trim=color&updated_at=1576082578",220,260,100,0.136,23,24712,6428649,671,155,233,267,1112,218,0.068575,Preceding its reflective counterpart Yeezy released the adidas Yeezy 350 Yeezreel NonReflective now available on StockX This 350 V2 is reminiscent of the Glow colorway that released in early 2019 but sets itself apart with the addition of new tones woven in the Primeknit upper This model was released in both reflective and nonreflective variationsbrbrThis Yeezy 350 V2 is composed of a Yeezreel upper and with black and grey accents ingrained in the upper A translucent Yeezreel Boost cushioned sole and side stripe completes the design These sneakers released in December of 2019 and retailed for 250
adidas Yeezy Boost 380 Alien,https://stockx.com/adidas-yeezy-boost-380-alien,Release: 12/12/2019,adidas-yeezy-boost-380-alien,"https://stockx.imgix.net/adidas-Yeezy-Boost-380-Alien-Product.jpg?fit=fill&bg=FFFFFF&w=140&h=100&auto=format,compress&q=90&dpr=2&trim=color&updated_at=1574092407",230,450,90,1.109,98,8603,3871176,1320,300,450,520,388,219,0.07151,Yeezy has introduced a new silhouette to their product line with the adidas Yeezy Boost 380 Alien now available on StockX This model was originally known to be the Yeezy Boost 350 V3 but upon release it was given its own name brbrThis 380 Alien features a never before seen Primeknit pattern on its upper and lacks the traditional lateral side strip  An upgraded thicker Boost midsole and engineered outsole grip complete the design These sneakers released in November of 2019 and retailed for 230
adidas Yeezy 500 Stone,https://stockx.com/adidas-yeezy-500-stone,Release: 11/23/2019,adidas-yeezy-500-stone,"https://stockx.imgix.net/adidas-Yeezy-500-Stone-Product.jpg?fit=fill&bg=FFFFFF&w=140&h=100&auto=format,compress&q=90&dpr=2&trim=color&updated_at=1575330093",200,259,1,0.3,5,12152,3146327,617,160,198,322,327,232,0.237746,Yeezy added new materials to a fan favorite with the adidas Yeezy 500 Stone now available on StockX Following the Bone White and Soft Vision releases Yeezy is staying true to its pallette with the Stone 500s The materials that comprise this model is where the difference lies Yeezy replaces mesh with neoprene to add a twist to this popular designbrbrThis Yeezy 500 is composed of a Stone neoprene and suede with reflective piping A matching Adiprene midsole and Gum rubber outsole completes the design These sneakers released in November of 2019 and retailed for 200
adidas Yeezy 500 Soft Vision,https://stockx.com/adidas-yeezy-500-soft-vision,Release: 11/02/2019,adidas-yeezy-500-soft-vision,"https://stockx.imgix.net/adidas-Yeezy-500-Soft-Vision-Product.jpg?fit=fill&bg=FFFFFF&w=140&h=100&auto=format,compress&q=90&dpr=2&trim=color&updated_at=1572553513",200,307,3,1.025,51,10883,3343589,793,200,303,507,216,220,0.252096,Yeezy has expanded its line of 500 designs with the adidas Yeezy 500 Soft Vision now available on StockX Among the many silhouettes Yeezy has continuously added new colorways to this year has been a year of growth of the 500 brThis Yeezy 500 is composed of a soft vision mesh leather and suede upper A gum rubber outsole completes the design These sneakers released in November of 2019 and retailed for 200
adidas Yeezy Boost 700 Teal Blue,https://stockx.com/adidas-yeezy-boost-700-teal-blue,Release: 10/26/2019,adidas-yeezy-boost-700-teal-blue,"https://stockx.imgix.net/adidas-Yeezy-Boost-700-Teal-Blue-Product.jpg?fit=fill&bg=FFFFFF&w=140&h=100&auto=format,compress&q=90&dpr=2&trim=color&updated_at=1573840152",300,337,20,0.183,98,1665,560418,539,233,318,392,158,157,0.104873,In continuation of its ever growing 700 line Yeezy brand keeps it simple with the Adidas Yeezy Boost 700 Teal Blue now available on StockX Trailing the releases of the Magnet and Inertia colorways this shoe stays true to the Yeezy aesthetic with a new tonal variation that stays in the same ballpark of other 700 releasesbrThis 700 is composed of a mix of grey and teal tones that are assorted amongst a mix of suede and mesh A grey rubber midsole and gum outsole completes the design These sneakers released in October of 2019 for 300
adidas Yeezy Boost 700 V2 Hospital Blue,https://stockx.com/adidas-yeezy-boost-700-v2-hospital-blue,Release: 09/28/2019,adidas-yeezy-boost-700-v2-hospital-blue,"https://stockx.imgix.net/adidas-Yeezy-Boost-700-V2-Hospital-Blue-Product.jpg?fit=fill&bg=FFFFFF&w=140&h=100&auto=format,compress&q=90&dpr=2&trim=color&updated_at=1570214843",300,350,72,0.293,93,5972,2087233,653,200,354,422,257,256,0.088481,
adidas Yeezy Boost 350 V2 Citrin (Non-Reflective),https://stockx.com/adidas-yeezy-boost-350-v2-citrin,Release: 09/23/2019,adidas-yeezy-boost-350-v2-citrin,"https://stockx.imgix.net/adidas-Yeezy-Boost-350-V2-Citrin-Product.jpg?fit=fill&bg=FFFFFF&w=140&h=100&auto=format,compress&q=90&dpr=2&trim=color&updated_at=1569423080",220,264,12,0.232,7,27392,7228497,554,150,206,336,1051,291,0.238548,
adidas Yeezy Boost 350 V2 Cloud White (Non-Reflective),https://stockx.com/adidas-yeezy-boost-350-v2-cloud-white,Release: 09/21/2019,adidas-yeezy-boost-350-v2-cloud-white,"https://stockx.imgix.net/adidas-Yeezy-Boost-350-V2-Cloud-White-Product.jpg?fit=fill&bg=FFFFFF&w=140&h=100&auto=format,compress&q=90&dpr=2&trim=color&updated_at=1569251179",220,306,38,1.241,22,31486,9650267,740,0,417,569,655,357,0.153831,
adidas Yeezy Boost 700 Magnet,https://stockx.com/adidas-yeezy-boost-700-magnet,Release: 09/09/2019,adidas-yeezy-boost-700-magnet,"https://stockx.imgix.net/adidas-Yeezy-Boost-700-Magnet-Product.jpg?fit=fill&bg=FFFFFF&w=140&h=100&auto=format,compress&q=90&dpr=2&trim=color&updated_at=1568299976",300,358,25,0.607,6,4334,1550241,797,250,427,537,158,154,0.114279,Yeezy expands its 700 color pallette once again with the adidas Yeezy Boost  700 Magnet now available on StockX Despite an existing line of Yeezy 700s assorted in six colorways the Magnet is the first time this colorway has been used brbrThis 700 features a grey upper with suede overlays and orange accents on the midsole Its chunky midsole is inspired by the Adidas KB3 atop a gum outsole completes the design These sneakers released in September of 2019 and retailed for 300
adidas Yeezy Boost 700 V2 Inertia,https://stockx.com/adidas-yeezy-boost-700-v2-inertia,Release: 09/07/2019,adidas-yeezy-boost-700-v2-inertia,"https://stockx.imgix.net/adidas-Yeezy-Boost-700-V2-Inertia-Product.jpg?fit=fill&bg=FFFFFF&w=140&h=100&auto=format,compress&q=90&dpr=2&trim=color&updated_at=1567798812",300,353,46,0.417,19,1714,605089,590,221,385,465,171,171,0.093816,
adidas Yeezy 500 Bone White,https://stockx.com/adidas-yeezy-boost-500-bone-white,Release: 08/24/2019,adidas-yeezy-boost-500-bone-white,"https://stockx.imgix.net/adidas-Yeezy-500-Bone-White-Product.jpg?fit=fill&bg=FFFFFF&w=140&h=100&auto=format,compress&q=90&dpr=2&trim=color&updated_at=1567541392",200,303,92,2.25,54,7651,2321157,739,179,547,753,291,184,0.159056,Yeezy expands its 500 color pallette once again with the adidas Yeezy 500 Bone White now available on StockX Despite an existing long line of Yeezy 500s assorted in five colorways the Bone White colorway is the first 500 to release in 2019 brbrThis 500 features a bone white mesh upper with suede overlays Its chunky midsole is inspired by the Adidas KB3 atop a tonalcream outsole completes the design These sneakers released in August of 2019 and retailed for 200
adidas Yeezy Boost 350 V2 Lundmark (Non Reflective),https://stockx.com/adidas-yeezy-boost-350-v2-lundmark,Release: 07/13/2019,adidas-yeezy-boost-350-v2-lundmark,"https://stockx.imgix.net/adidas-Yeezy-Boost-350-V2-Lundmark-Product.jpg?fit=fill&bg=FFFFFF&w=140&h=100&auto=format,compress&q=90&dpr=2&trim=color&updated_at=1562948358",220,300,44,0.545,80,11006,3302294,671,0,242,438,415,182,0.289491,Like newer 350 V2 models the adidas Yeezy Boost 350 V2 Lundmark sports a subtle summer color with the back heel tab removed Replacing the SPLY350 boost stripe that was traditionally found on the original 350s is a transparent stripe that reveals a more cream colored inner A boost midsole is covered by a light tan rubber outsole that features a pink middle stripe Adding to the exclusivity of these is the fact this colorway is a North and Latin America exclusivebrbrThe Lundmark Yeezy Boost 350 V2 released on July 11 2019 at a retail price of 220
adidas Yeezy Boost 700 Utility Black,https://stockx.com/adidas-yeezy-boost-700-utility-black,Release: 06/29/2019,adidas-yeezy-boost-700-utility-black,"https://stockx.imgix.net/adidas-Yeezy-Boost-700-Utility-Black_01.jpg?fit=fill&bg=FFFFFF&w=140&h=100&auto=format,compress&q=90&dpr=2&trim=color&updated_at=1562080857",300,327,13,0.373,26,4749,1551826,1000,212,368,456,138,229,0.10567,Coming off the strong momentum created by V2 adidas Yeezy Boost 350 adidas is back with more colorways for the 700 silhouette Known for its wavy colorway history the latest adidas Yeezy Boost 700 the utility black color and a gum sole to the silhouette for the first time ever after successful drops of the utility black 500 and all black 350 brbrThis 700 sports a net material around the collar a black upper plus black nubuck accents black midsole plus black accents and a gum sole This sneaker released in June 2019 and retailed for 300
adidas Yeezy Boost 350 V2 Antlia (Non-Reflective),https://stockx.com/adidas-yeezy-boost-350-v2-antlia,Release: 06/22/2019,adidas-yeezy-boost-350-v2-antlia,"https://stockx.imgix.net/adidas-Yeezy-Boost-350-V2-Antlia-Product.jpg?fit=fill&bg=FFFFFF&w=140&h=100&auto=format,compress&q=90&dpr=2&trim=color&updated_at=1561145415",220,273,22,0.334,81,3435,937492,433,125,247,340,265,134,0.159087,Exclusive to Europe for its retail release the Antlia Yeezy Boost 350 V2 is now available to customers around the world on StockX Following successful regional releases of the Clay Trfrm and Hyperspace colorways along with the universal popularity of the glow and black 350 V2s the Antlia Yeezy Boost 350 V2 looks to be another summer ready Yeezy brbrThis 350 V2 comes with a Primeknit upper that combines canary yellow and cool grey tones sits on top of a gum sole removes the traditional heel tab and has the translucent side stripe which has become a staple of the V2 line These sneakers released in June of 2019 for 220
adidas Yeezy Boost 350 V2 Synth (Non-Reflective),https://stockx.com/adidas-yeezy-boost-350-v2-synth,Release: 06/22/2019,adidas-yeezy-boost-350-v2-synth,"https://stockx.imgix.net/adidas-Yeezy-Boost-350-V2-Synth-Product.jpg?fit=fill&bg=FFFFFF&w=140&h=100&auto=format,compress&q=90&dpr=2&trim=color&updated_at=1561145605",220,399,17,1.068,86,2291,915081,999,185,345,565,145,139,0.240832,The summer of 2019 started with yet another regional Yeezy release featuring the Synth Yeezy Boost 350 V2 Following successful regional releases of the Clay Trfrm and Hyperspace colorways the Synth released exclusively in Africa Asia the Middle East and Australia alongside the Antlia 350s in Europe brbrThis V2 sports more muted neutral tones than previous colorways features a nude Primeknit upper a gum sole the removal of the traditional heel tab and the signature translucent side stripe This particular adidas Yeezy sneaker retailed for 220
adidas Yeezy Boost 700 V2 Tephra,https://stockx.com/adidas-yeezy-boost-700-v2-tephra,Release: 06/15/2019,adidas-yeezy-boost-700-v2-tephra,"https://stockx.imgix.net/adidas-Yeezy-Boost-700-V2-Tephra-Product.jpg?fit=fill&bg=FFFFFF&w=140&h=100&auto=format,compress&q=90&dpr=2&trim=color&updated_at=1559935327",300,310,86,1.13,72,5230,1619077,857,196,562,716,164,229,0.121248,If youre looking for a tough sneaker then you need to buy the new adidas Yeezy Boost 700 V2 Tephra This Yeezy Boost 700 V2 comes with a tephra upper tephra midsole and a tephra sole These sneakers released in June 2019 and retailed for 300 Place a Bid for these Yeezys today on StockX
adidas Yeezy Boost 350 V2 Black (Non-Reflective),https://stockx.com/adidas-yeezy-boost-350-v2-black,Release: 06/07/2019,adidas-yeezy-boost-350-v2-black,"https://stockx.imgix.net/adidas-Yeezy-Boost-350-V2-Black-Product.jpg?fit=fill&bg=FFFFFF&w=140&h=100&auto=format,compress&q=90&dpr=2&trim=color&updated_at=1559748037",220,373,84,1.273,70,61580,22979798,1000,246,463,537,1138,489,0.073732,You can never have too much heat so cop the adidas Yeezy Boost 350 V2 Black This Yeezy Boost 350 V2 comes with a black upper black midsole and a black sole These sneakers released in June 2019 and retailed for 220 Buy these today on StockX
adidas Yeezy Boost 700 V2 Vanta,https://stockx.com/adidas-yeezy-boost-700-v2-vanta,Release: 06/06/2019,adidas-yeezy-boost-700-v2-vanta,"https://stockx.imgix.net/adidas-Yeezy-Boost-700-V2-Vanta_01.jpg?fit=fill&bg=FFFFFF&w=140&h=100&auto=format,compress&q=90&dpr=2&trim=color&updated_at=1558728185",300,390,20,0.723,61,7001,2728821,968,190,485,549,176,245,0.062355,Make a statement with the adidas Yeezy Boost 700 V2 Vanta on your feet This Yeezy Boost 700 V2 comes with a black upper black midsole and a black sole These sneakers released in June 2019 and retailed for 300 Provide the world with some Yeezy vibes after grabbing these on StockX
adidas Yeezy Boost 350 V2 Glow,https://stockx.com/adidas-yeezy-boost-350-v2-glow,Release: 05/25/2019,adidas-yeezy-boost-350-v2-glow,"https://stockx.imgix.net/adidas-Yeezy-Boost-350-V2-Glow-Product.jpg?fit=fill&bg=FFFFFF&w=140&h=100&auto=format,compress&q=90&dpr=2&trim=color&updated_at=1558535347",250,537,37,1.388,58,2440,1310890,943,336,510,684,277,274,0.146414,Hit the function and glow while wearing the adidas Yeezy Boost 350 V2 Glow This Yeezy Boost 350 comes with a green upper green midsole and a green sole These sneakers released in May 2019 and retailed for 250 Glow crazy and buy these on StockX today
adidas Yeezy Boost 700 Analog,https://stockx.com/adidas-yeezy-boost-700-analog,Release: 04/27/2019,adidas-yeezy-boost-700-analog,"https://stockx.imgix.net/adidas-Yeezy-Boost-700-Analog-Product.jpg?fit=fill&bg=FFFFFF&w=140&h=100&auto=format,compress&q=90&dpr=2&trim=color&updated_at=1554843625",300,293,5,0.133,51,8924,2614056,750,180,234,446,694,251,0.310582,Yeezy is back from his Sunday Service Coachella performance with this new adidas Yeezy Boost 700 Analog This Yeezy Boost 700 comes with a beige upper plus grey accents three grey adidas stripes beige midsole plus grey accents and a black sole These sneakers released in April 2019 and retailed for 300 Buy this Yeezy 700 on StockX ASAP
adidas Yeezy Boost 350 V2 Clay,https://stockx.com/adidas-yeezy-boost-350-v2-clay,Release: 03/30/2019,adidas-yeezy-boost-350-v2-clay,"https://stockx.imgix.net/adidas-Yeezy-Boost-350-V2-Clay-Product.jpg?fit=fill&bg=FFFFFF&w=140&h=100&auto=format,compress&q=90&dpr=2&trim=color&updated_at=1551987026",220,354,11,0.591,82,8603,3044817,967,175,254,446,426,313,0.275572,If youre searching for a new sneaker with major drip then cop the adidas Yeezy Boost 350 V2 Clay This Yeezy Boost 350 comes with a clay upper with orange accents translucent stripe with orange accents clay midsole and clay sole These sneakers released in March 2019 and retailed for 220 Add another swaggy 350 V2 to the rotation and buy them on StockX today
adidas Yeezy Boost 700 V2 Geode,https://stockx.com/adidas-yeezy-boost-700-v2-geode,Release: 03/23/2019,adidas-yeezy-boost-700-v2-geode,"https://stockx.imgix.net/adidas-Yeezy-Boost-700-V2-Geode-Product.jpg?fit=fill&bg=FFFFFF&w=140&h=100&auto=format,compress&q=90&dpr=2&trim=color&updated_at=1553612214",300,289,32,0.07,62,6861,1980092,583,195,254,388,172,204,0.209859,Take your swag to a hundred a thousand maybe even a trillion after copping the adidas Yeezy Boost 700 V2 Geode This 700 V2 comes with a brown upper plus grey accents grey midsole and a gum sole These sneakers released in March 2019 and retailed for 300 Try getting these 700s before Yandhi drops and cop them today on StockX ASAP
adidas Yeezy Boost 350 V2 Trfrm,https://stockx.com/adidas-yeezy-boost-350-v2-true-form,Release: 03/16/2019,adidas-yeezy-boost-350-v2-true-form,"https://stockx.imgix.net/adidas-Yeezy-Boost-350-V2-True-Form-Product.jpg?fit=fill&bg=FFFFFF&w=140&h=100&auto=format,compress&q=90&dpr=2&trim=color&updated_at=1553182466",220,417,81,1.018,32,2573,1073469,750,204,355,533,192,157,0.200973,Get a Yeezy 350 in its truest form and grab the adidas Yeezy Boost 350 V2 Trfrm This Yeezy Boost 350 comes with a grey upper plus orange accents translucent stripe with orange accents grey midsole with orange accents and a grey sole These sneakers released in March 2019 and retailed for 220 Only true sneakerheads wear Yeezys so place a Bid on StockX today
adidas Yeezy Boost 350 V2 Hyperspace,https://stockx.com/adidas-yeezy-boost-350-v2-hyperspace,Release: 03/16/2019,adidas-yeezy-boost-350-v2-hyperspace,"https://stockx.imgix.net/adidas-Yeezy-Boost-350-V2-Hyperspace-Product.jpg?fit=fill&bg=FFFFFF&w=140&h=100&auto=format,compress&q=90&dpr=2&trim=color&updated_at=1553183126",220,432,96,1.92,65,792,342018,758,216,549,736,114,142,0.145163,Try not to dress like a hypebeast after copping the adidas Yeezy Boost 350 V2 Hyperspace This Yeezy Boost 350 comes with a grey upper grey translucent stripe grey midsole and a Grey sole These sneakers released in March 2019 and retailed 220 Make some space for some new Yeezys and Buy these now on StockX
adidas Yeezy Boost 700 Inertia,https://stockx.com/adidas-yeezy-boost-700-inertia,Release: 03/09/2019,adidas-yeezy-boost-700-inertia,"https://stockx.imgix.net/adidas-Yeezy-Boost-700-Inertia-Product.jpg?fit=fill&bg=FFFFFF&w=140&h=100&auto=format,compress&q=90&dpr=2&trim=color&updated_at=1551991286",300,344,69,0.9,54,10677,3674525,700,177,498,642,389,280,0.125587,Add heavy pressure on your favorite sneakerhead and cop the adidas Yeezy Boost 700 Inertia This Yeezy Boost 700 comes with a grey upper grey midsole with orange accents and a white sole These sneakers released in March 2019 and retailed for 300 Grab a pair of these fire sneakers on StockX ASAP
adidas Yeezy Boost 700 Salt,https://stockx.com/adidas-yeezy-boost-700-salt,Release: 02/23/2019,adidas-yeezy-boost-700-salt,"https://stockx.imgix.net/Adidas-Yeezy-Boost-700-Salt-Product.jpg?fit=fill&bg=FFFFFF&w=140&h=100&auto=format,compress&q=90&dpr=2&trim=color&updated_at=1551715050",300,291,5,0.123,34,2743,798051,596,181,287,387,275,148,0.149633,Keep those haters salty by copping the adidas Yeezy Boost 700 Salt This Yeezy Boost 700 comes with a salt upper salt midsole and a salt sole These sneakers released in February 2019 and retailed for 300 Dont be salty if you missed the general release just buy them now on StockX
adidas Yeezy 700 V2 Static,https://stockx.com/adidas-yeezy-700-v2-static,Release: 12/29/2018,adidas-yeezy-700-v2-static,"https://stockx.imgix.net/adidas-Yeezy-700-V2-Static-Product-1.jpg?fit=fill&bg=FFFFFF&w=140&h=100&auto=format,compress&q=90&dpr=2&trim=color&updated_at=1553090710",300,636,23,1.743,62,898,570824,1060,425,677,969,127,166,0.177512,Ignore the static adidas and Kanye are teaming up to release the adidas Yeezy 700 V2 Static This Yeezy 700 comes with a grey upper with white accents white midsole and a black sole These sneakers released in December 2018 and retailed for 300 The 700s have been one of the hottest adidas silhouette this year so place a Bid on these today 
adidas Yeezy Boost 350 V2 Static (Non-Reflective),https://stockx.com/adidas-yeezy-boost-350-v2-static,Release: 12/27/2018,adidas-yeezy-boost-350-v2-static,"https://stockx.imgix.net/adidas-Yeezy-Boost-350-V2-Static-Product.jpg?fit=fill&bg=FFFFFF&w=140&h=100&auto=format,compress&q=90&dpr=2&trim=color&updated_at=1544657399",220,397,77,1.068,80,5300,2105501,673,260,397,513,410,201,0.126655,Electrify your sneaker rotation with the adidas Yeezy Boost 350 V2 Static This Yeezy 350 V2 comes with a grey and white upper and a white sole These sneakers released in December 2018 and retailed for 220 You can see what socks youre wearing in this shoeso please Buy them now on StockX 
adidas Yeezy 500 Salt,https://stockx.com/adidas-yeezy-500-salt,Release: 11/30/2018,adidas-yeezy-500-salt,"https://stockx.imgix.net/adidas-Yeezy-500-Salt-Product.jpg?fit=fill&bg=FFFFFF&w=140&h=100&auto=format,compress&q=90&dpr=2&trim=color&updated_at=1544024798",200,288,44,0.505,50,5901,1697885,794,150,257,345,216,188,0.144527,Dont be salty get out of your feelings and cop a pair of the adidas Yeezy 500 Salt With the potential of being the best Yeezy 500 colorway these come with a salt upper a salt midsole and a salt sole
adidas Yeezy Boost 350 V2 Sesame,https://stockx.com/adidas-yeezy-boost-350-v2-sesame,Release: 11/23/2018,adidas-yeezy-boost-350-v2-sesame,"https://stockx.imgix.net/Adidas-Yeezy-Boost-350-V2-Sesame-Thumb.jpg?fit=fill&bg=FFFFFF&w=140&h=100&auto=format,compress&q=90&dpr=2&trim=color&updated_at=1541007855",220,348,80,0.682,26,7118,2478808,770,231,278,462,356,231,0.248506,We dont know if Kanye loves Sesame seeds but we do know that hes released the adidas Yeezy Boost 350 V2 Sesame This major silhouette comes with a sesame upper sesame midsole and a gum sole These sneakers released in November 2018 and retailed for 220  While getting your grub on stay fresh and cop these on StockX today 
adidas Yeezy 700 Mauve,https://stockx.com/adidas-yeezy-700-mauve,Release: 10/27/2018,adidas-yeezy-700-mauve,"https://stockx.imgix.net/Adidas-Yeezy-700-Mauve-Product.jpg?fit=fill&bg=FFFFFF&w=140&h=100&auto=format,compress&q=90&dpr=2&trim=color&updated_at=1539982972",300,299,39,0.05,97,11705,3500137,583,181,283,347,383,272,0.102755,Yeezy had us on another wave with the OG wave runners but now hes bringing us to the sand with the adidas Yeezy 700 Mauve These sneakers come with a mauve upper with black accents mauve midsole with light green accents and gum sole This shoe released October 2018 and retailed for 300 Before Yandhi drops cop these on StockX now
adidas Yeezy 500 Utility Black,https://stockx.com/adidas-yeezy-500-utility-black,Release: 07/07/2018,adidas-yeezy-500-utility-black,"https://stockx.imgix.net/Adidas-Yeezy-500-Utility-Black-Product.jpg?fit=fill&bg=FFFFFF&w=140&h=100&auto=format,compress&q=90&dpr=2&trim=color&updated_at=1538080256",200,457,42,1.445,53,3320,1518761,1000,268,448,530,176,201,0.084646,Kanye is back this time with a brand new colorway of the Yeezy 500 Keeping it monochromatic this pair is covered entirely in one color utility black Like other Yeezy 500s this pair features a suede upper with mesh paneling In addition the midsole utilizes adidas Adiprene cushioning technology Releasing in July 2018 this pair retailed for 200 and is now available to cop on StockX today
adidas Yeezy Boost 350 V2 Butter,https://stockx.com/adidas-yeezy-boost-350-v2-butter,Release: 06/30/2018,adidas-yeezy-boost-350-v2-butter,"https://stockx.imgix.net/Adidas-Yeezy-Boost-350-V2-Butter-Product.jpg?fit=fill&bg=FFFFFF&w=140&h=100&auto=format,compress&q=90&dpr=2&trim=color&updated_at=1538080256",220,301,33,0.5,25,4606,1385202,649,182,286,374,346,215,0.132193,The most beautiful thoughts are always besides the darkest Following his polarizing 1 album ye the Yeezy Boost 350 V2 is back and better than ever With various shades of butter covering the upper laces and midsole the shoe is finished with a classic gum bottom Noticeably this pair is lacking the famous SPLY350 text found on most 350 V2s This pair released in June 2018 for a cool 220 Stay locked to StockX to cop a pair
adidas Yeezy 500 Super Moon Yellow,https://stockx.com/adidas-yeezy-500-desert-rat-moon-yellow,Release: 06/09/2018,adidas-yeezy-500-desert-rat-moon-yellow,"https://stockx.imgix.net/Adidas-Yeezy-500-Moon-Yellow-Product.jpg?fit=fill&bg=FFFFFF&w=140&h=100&auto=format,compress&q=90&dpr=2&trim=color&updated_at=1538080256",200,298,21,0.675,87,1239,369081,610,150,277,393,152,130,0.172806,These new Yeezy 500 Super Moon Yellows are coming in hotter than a Jackson Hole bonfire The latest colorway in the Yeezy 500 line these use adiPrene cushioning in place of BOOST and feature a chunkier look that will grow on you trust us This allmoon yellow pair was the first colorway that dropped as part of the Yeezy season 6 bundle followed by a wider release in June of 2018 Fans of Ye need to make No Mistakes and add this Yeezy 500 colorway into the collection asap 
adidas Yeezy 500 Blush,https://stockx.com/adidas-yeezy-500-blush,Release: 02/16/2018,adidas-yeezy-500-blush,"https://stockx.imgix.net/Adidas-Yeezy-500-Blush-Product.jpg?fit=fill&bg=FFFFFF&w=140&h=100&auto=format,compress&q=90&dpr=2&trim=color&updated_at=1538080256",200,399,39,1.37,57,1641,655087,1183,201,261,687,168,169,0.449809,Theres no need to be bashful when it comes to the adidas Yeezy 500 Blushes The second colorway of Kanye Wests fourth silhouette with adidas features a premium suede and mesh upper sitting atop a chunky adiPrene cushioned sole The shoe first dropped in February of 2018 during NBA All Star Weekend and was restocked via adidas in April of 2018 Those feeling like Pablo should scroll back up the page and click that Bid button today
adidas Yeezy Boost 350 V2 Blue Tint,https://stockx.com/adidas-yeezy-boost-350-v2-blue-tint,Release: 12/16/2017,adidas-yeezy-boost-350-v2-blue-tint,"https://stockx.imgix.net/Adidas-Yeezy-Boost-350-V2-Blue-Tint-Product.jpg?fit=fill&bg=FFFFFF&w=140&h=100&auto=format,compress&q=90&dpr=2&trim=color&updated_at=1538080256",220,462,63,1.386,42,3287,1518973,947,326,396,654,256,222,0.246461,If youre looking for the pair that Kanye claimed jumped over the jumpman look no further than the ultrapopular adidas Yeezy Boost 350 V2 Blue Tint colorway Like previous releases the Blue Tint Yeezy Boost is made up of a Primeknit based upper and features the Zebra like striped pattern across the upper These shoes also feature adidas now famous Boost cushioning that became the goto for many sneakerheads over the past few years due to its incredible comfort The Blue Tint Yeezy Boost 350 V2 was officially announced by adidas on November 15th 2017 and released through the adidas Confirmed App and select retail partners on December 16th 2017 For those looking to feel like Kanye these shoes are a must
adidas Yeezy Boost 350 V2 Beluga 2.0,https://stockx.com/adidas-yeezy-boost-350-v2-beluga-2-0,Release: 11/25/2017,adidas-yeezy-boost-350-v2-beluga-2-0,"https://stockx.imgix.net/Adidas-Yeezy-Boost-350-V2-Beluga-2pt0-Product.jpg?fit=fill&bg=FFFFFF&w=140&h=100&auto=format,compress&q=90&dpr=2&trim=color&updated_at=1538080256",220,568,71,1.841,74,3325,1890069,975,300,544,706,261,253,0.130292,The Yeezy Beluga 20 takes Kanye Wests famous adidas sneakers full circle by returning to the colors of the first adidas Yeezy Boost 350 V2 While the original colorway featured a bright orange officially Solar Red stripe across the side the 2017 release of the Yeezy Beluga colorway is much more subtle This colorway utilizes the same Zebralike stripes as the original but the SPLY350 branding is the only part of the upper with a contrasted colorthis time called Bold Orange The Yeezy Beluga 20 nickname comes from the similarities to the earlier colorway but the official colorway of this adidas Yeezy release is Grey Bold Orange and Dark Grey The toned down color combo made it an appealing shoe for the masses compared to some previous Yeezy colorways Despite rumors suggesting an October drop the official release date for the Beluga 20 was November 25th 2017 Since then it has been one of the most active sneakers on StockX continually selling well above its retail price You can get the Yeezy Beluga 20 on StockX now by placing a Bid or choosing to Buy Now
adidas Yeezy Boost 350 V2 Semi Frozen Yellow,https://stockx.com/adidas-yeezy-boost-350-v2-semi-frozen-yellow,Release: 11/18/2017,adidas-yeezy-boost-350-v2-semi-frozen-yellow,"https://stockx.imgix.net/Adidas-Yeezy-Boost-350-V2-Semi-Frozen-Yellow-Product.jpg?fit=fill&bg=FFFFFF&w=140&h=100&auto=format,compress&q=90&dpr=2&trim=color&updated_at=1538080256",220,337,18,0.668,73,8661,2919435,1000,221,297,437,498,268,0.191778,The Semi Frozen Yellow adidas Yeezy Boost 350 V2 was rumored as early as May of 2017some blogs even claimed they would be mostly glowinthedarkbut it was when photos of Kanye West wearing them first surfaced on the web later in the year that confirmed the release This colorway steps outside of the comfort zone of previous 350 Yeezy sneaker releases which have remained subtle and mostly neutral primary colors and bright accents  The official colorway of the Frozen Yellow Yeezys is actually Semi Frozen Yellow Raw Steel and Red and features both of adidas pinnacle technologies Boost cushioning and Primeknit socklike upper The hype for the yellow colored Yeezys was pushed to the roof before launch as Kanye West appeared with Kid Cudi and Takashi Murakami as Ye and Cudi toured the iconic artists studio on a trip to Tokyo In addition the rumors throughout the sneaker world suggested the Frozen Yellow Yeezy would be an extremely hard to get release As expected the Semi Frozen Yellow was announced officially on November 13th 2017 and released in limited quantities on November 18th 2017 Sizes of the adidas Yeezy Boost 350 V2 Semi Frozen Yellow are available now
adidas Yeezy Boost 700 Wave Runner Solid Grey,https://stockx.com/adidas-yeezy-wave-runner-700-solid-grey,Release: 11/01/2017,adidas-yeezy-wave-runner-700-solid-grey,"https://stockx.imgix.net/Adidas-Yeezy-Wave-Runner-700-Solid-Grey-Product.jpg?fit=fill&bg=FFFFFF&w=140&h=100&auto=format,compress&q=90&dpr=2&trim=color&updated_at=1538080256",300,440,35,0.747,49,18151,7990201,900,340,465,583,731,538,0.112947,A new set of waves are rolling in as the adidas Yeezy Wave Runner 700s get ready for their first restock on March 10th 2018 First releasing in November of 2017 the Yeezy Boost 700s represented what was a significant shift in Kanyes design aesthetic moving from the minimalistic silhouettes of early Yeezy seasons to this chunky runner model It once again showed how Kanye stays ahead of the curve as chunkier sneakers became more en vogue in 2018 The shoe features an upper with grey and black suede overlays premium leather with blue mesh underlays neon green laces and its signature chunky midsole with encapsulated Boost technology Translation these may look bold but are still comfy as hell The Yeezy Wave Runners will stay at the same retail cost of 300 for the upcoming restock but have averaged a sale price well above retail on StockX since their initial drop So if youre looking to add these to your Yeezy collection remember that fortune favors the bold bidders
adidas Yeezy Boost 350 V2 Cream/Triple White,https://stockx.com/adidas-yeezy-boost-350-v2-cream-white,Release: 04/29/2017,adidas-yeezy-boost-350-v2-cream-white,"https://stockx.imgix.net/Adidas-Yeezy-Boost-350-V2-Cream-White-1-1.jpg?fit=fill&bg=FFFFFF&w=140&h=100&auto=format,compress&q=90&dpr=2&trim=color&updated_at=1539789713",220,340,37,0.459,33,19542,6638938,903,210,243,399,659,444,0.243457,Does cash rule everything around you If so then it would be wise to cop the adidas Yeezy Boost 350 Cream White Returning for round two with a huge restock the luminous colored Yeezy Boost 350 has a cream white upper core white midsole and a camouflaged SPLY350 branding across the stripe on the sides These originally released in late April of 2017 with a retail price of 220 and restocked in September of 2018 Place a Bid or Ask for these Adidas Yeezy Boost 350 Cream White on StockX today
adidas Yeezy Boost 350 V2 Zebra,https://stockx.com/adidas-yeezy-boost-350-v2-white-core-black-red,Release: 02/25/2017,adidas-yeezy-boost-350-v2-white-core-black-red,"https://stockx.imgix.net/Adidas-Yeezy-Boost-350-V2-Zebra-Product-1.jpg?fit=fill&bg=FFFFFF&w=140&h=100&auto=format,compress&q=90&dpr=2&trim=color&updated_at=1578503931",220,342,62,0.814,47,46292,15809757,750,225,368,430,1683,591,0.076915,bPLEASE NOTE The color of sole may vary depending on restock releasebbrbr Adidas is back with their latest Yeezy Boost 350 V2 Fresh off the heels of NBA AllStar Weekend these Yeezys are nicknamed the Zebras and come in a classic white black and red color scheme Sporting a whitebased Primeknit upper with black accents giving off a Zebra stripe vibe SPLY350 displayed across the sides in red finished off by a translucent BOOST cushioned sole To date they are the most limited adidas Yeezy release and have instantly become one of the most popular colorways Their release date is set for February 25th 2017 Retail is set at 220 and they will only be available in mens sizing no love for infants from Yeezus this time around On June 24th adidas will rerelease the coveted Zebras giving fans worldwide one more shot at obtaining one of 2017s most popular kicks If you got lucky with the first release already have a pair on lock from the rerelease or dont want to risk taking the L check out the marketplace where you can buy and sell the Zebra adidas Yeezy 350 Boost V2 online now Rock stock or flip the choice is yours and yours alone
adidas Yeezy Boost 350 V2 Black Red,https://stockx.com/adidas-yeezy-boost-350-v2-core-black-red-2017,Release: 02/11/2017,adidas-yeezy-boost-350-v2-core-black-red-2017,"https://stockx.imgix.net/Adidas-Yeezy-Boost-350-V2-Core-Black-Red-2017-Product.jpg?fit=fill&bg=FFFFFF&w=140&h=100&auto=format,compress&q=90&dpr=2&trim=color&updated_at=1538080256",220,900,24,2.182,67,1281,1152450,1900,612,603,797,146,191,0.138403,Known for their iconic collabs once again Kanye West and adidas had brewed up more sneaker collection heat with the adidas Yeezy Boost 350 Black Red Showing Pirate Black flashes these come with a core black upper and sole that has a core red SPLY350 branding on both sides These released in November 2016 and retailed at 220 Place an Ask or Bid for these today on StockX
adidas Yeezy Boost 350 V2 Core Black White,https://stockx.com/adidas-yeezy-boost-350-v2-core-black-white,Release: 12/17/2016,adidas-yeezy-boost-350-v2-core-black-white,"https://stockx.imgix.net/Adidas-Yeezy-Boost-350-V2-Core-Black-White-Product.jpg?fit=fill&bg=FFFFFF&w=140&h=100&auto=format,compress&q=90&dpr=2&trim=color&updated_at=1598377218",220,819,54,3.597,54,682,558609,1340,586,830,1192,116,185,0.178805,Looking for a way to make your sneaker collection more hardcore Well try copping the adidas Yeezy Boost 350 V2 Core White Continuing to turn the shoe industry upside down with the Yeezy Boost 350 V2 silhouette this colorway comes with a core black upper and sole Theres also the core black SPLY350 branding across a core white stripe on both sides to finish off this iconic design These dropped in December 2016 and retailed at 220 Place an Ask or Bid on StockX now 
adidas Yeezy Boost 350 V2 Core Black Red,https://stockx.com/adidas-yeezy-boost-350-v2-core-black-red,Release: 11/23/2016,adidas-yeezy-boost-350-v2-core-black-red,"https://stockx.imgix.net/Adidas-Yeezy-Boost-350-V2-Core-Black-Red-Product.jpg?fit=fill&bg=FFFFFF&w=140&h=100&auto=format,compress&q=90&dpr=2&trim=color&updated_at=1538080256",220,1097,70,4,64,523,573630,2250,517,982,1218,73,223,0.107411,If anyone is discussing whats hotter than the earths core then the adidas Yeezy Boost 350 V2 Core Red must be a part of the discussion Bringing hot lava vibes these come with a core black upper and sole Theres also a core black SPLY350 branding across a scorching hot core red stripe on both sides These dropped in November 2016 and retailed at 220 Add more sauce to your sneaker collection and buy now on StockX
adidas Yeezy Boost 350 V2 Core Black Copper,https://stockx.com/adidas-yeezy-boost-350-v2-core-black-copper,Release: 11/23/2016,adidas-yeezy-boost-350-v2-core-black-copper,"https://stockx.imgix.net/Adidas-Yeezy-Boost-350-V2-Core-Black-Copper-Product.jpg?fit=fill&bg=FFFFFF&w=140&h=100&auto=format,compress&q=90&dpr=2&trim=color&updated_at=1559088735",220,684,17,2.614,58,340,232583,1667,462,749,841,70,162,0.057422,Hope youre ready to smash open that piggy bank and spend some pennies on the adidas Yeezy Boost 350 V2 Copper Displaying a rich look these have a core black upper and sole Theres also core black SPLY350 branding across the core copper stripe on both sides These dropped in November 2016 and retailed at 220 Add more sauce to your sneaker collection on StockX
adidas Yeezy Boost 350 V2 Core Black Green,https://stockx.com/adidas-yeezy-boost-350-v2-core-black-green,Release: 11/23/2016,adidas-yeezy-boost-350-v2-core-black-green,"https://stockx.imgix.net/Adidas-Yeezy-Boost-350-V2-Core-Black-Green-Product.jpg?fit=fill&bg=FFFFFF&w=140&h=100&auto=format,compress&q=90&dpr=2&trim=color&updated_at=1559088766",220,675,73,1.995,38,269,181687,1468,500,584,734,76,179,0.113993,While soldiers rave about the seven core Army values the sneaker community can go off about the adidas Yeezy Boost V2 350 Core Green Setting a battlefield tone this silhouette comes with a core black upper and sole They also feature core black SPLY350 branding across a core green stripe on both sides These dropped in November 2016 and retailed at 220 Dont be afraid to break rank and place a Bid on StockX
adidas Yeezy Boost 350 V2 Beluga,https://stockx.com/adidas-yeezy-boost-350-v2-steeple-grey-beluga-solar-red,Release: 09/24/2016,adidas-yeezy-boost-350-v2-steeple-grey-beluga-solar-red,"https://stockx.imgix.net/Adidas-Yeezy-Boost-350-Low-V2-Beluga-Product.jpg?fit=fill&bg=FFFFFF&w=140&h=100&auto=format,compress&q=90&dpr=2&trim=color&updated_at=1598646006",220,829,42,2.509,64,871,721740,1605,490,659,885,160,222,0.146933,The a hrefhttpsstockxcomsneakerblogadidasyeezyboost350v2steelgreybelugasolarredadidas Yeezy 350 Boost V2a takes the silhouette that Kanye West made famous for adidas Originals and gives it new life The Yeezy Boost releases have been some of the most notable driving forces in the resurgence of adidas popularity around the world The low top Yeezy Boost 350 features a full length Boost cushioning system and a high end feel that has made it the goto sneaker for everyone from celebrities like Kim KardashianWest JayZ 2 Chainz and Future as well as for athletes like Nick Swaggy P Young Andrew Wiggins Lewis Hamilton and anyone else who can get their feet in a pair The Yeezy Boost 350 V2 adds a bold twist to Kanyes design with a bright orange officially Solar Red stripe across the Steel GreyBeluga zebrastriped upper with the text YZY SPLY The Steeple GrayBelugaSolar Red adidas Yeezy Boost 350 V2 is the first of the 2nd version colorways that release in 2016
adidas Yeezy Boost 350 Pirate Black (2016),https://stockx.com/adidas-yeezy-boost-350-pirate-black-2016,Release: 02/19/2016,adidas-yeezy-boost-350-pirate-black-2016,"https://stockx.imgix.net/Adidas-Yeezy-Boost-350-Low-Pirate-Black-2016-Product.jpg?fit=fill&bg=FFFFFF&w=140&h=100&auto=format,compress&q=90&dpr=2&trim=color&updated_at=1538080256",200,919,2,2.995,41,229,210493,1475,620,680,918,84,103,0.148453,
adidas Yeezy Boost 350 Oxford Tan,https://stockx.com/adidas-yeezy-boost-350-oxford-tan,Release: 12/29/2015,adidas-yeezy-boost-350-oxford-tan,"https://stockx.imgix.net/Adidas-Yeezy-Boost-350-Low-Oxford-Tan-Product.jpg?fit=fill&bg=FFFFFF&w=140&h=100&auto=format,compress&q=90&dpr=2&trim=color&updated_at=1538080256",200,857,56,3,74,212,181667,1599,500,634,966,72,111,0.206986,
adidas Yeezy Boost 350 Moonrock,https://stockx.com/adidas-yeezy-boost-350-moonrock,Release: 11/14/2015,adidas-yeezy-boost-350-moonrock,"https://stockx.imgix.net/Adidas-Yeezy-Boost-350-Low-Moonrock-Product.jpg?fit=fill&bg=FFFFFF&w=140&h=100&auto=format,compress&q=90&dpr=2&trim=color&updated_at=1559088668",200,902,63,2.755,98,182,164142,1450,591,577,925,67,111,0.231456,
adidas Yeezy Boost 350 Pirate Black (2015),https://stockx.com/adidas-yeezy-boost-350-pirate-black-2015,Release: 08/22/2015,adidas-yeezy-boost-350-pirate-black-2015,"https://stockx.imgix.net/Adidas-Yeezy-Boost-350-Low-Pirate-Black-2015.png?fit=fill&bg=FFFFFF&w=140&h=100&auto=format,compress&q=90&dpr=2&trim=color&updated_at=1538080256",200,848,69,2.925,49,189,160251,1380,560,664,906,70,114,0.15394,
adidas Yeezy Boost 350 Turtledove,https://stockx.com/adidas-yeezy-boost-350-turtledove,Release: 06/27/2015,adidas-yeezy-boost-350-turtledove,"https://stockx.imgix.net/Adidas-Yeezy-Boost-350-Low-Turtledove-Product.jpg?fit=fill&bg=FFFFFF&w=140&h=100&auto=format,compress&q=90&dpr=2&trim=color&updated_at=1538080256",200,1508,34,6,40,202,304688,2000,900,1225,1575,61,74,0.124871,
